recording_index,timestamp,mcift_score,conventional_score,mcift_positive,conventional_positive
0,2004.02.12.10.32.39,0.1798350838951817,5.287984033279038,False,False
1,2004.02.12.10.42.39,0.29761203505694184,3.3467389360790407,False,False
2,2004.02.12.10.52.39,0.3117311492993738,4.373311053380506,False,False
3,2004.02.12.11.02.39,0.32626522594851964,12.216047572851462,False,True
4,2004.02.12.11.12.39,0.2208503237046386,1.8526277225377759,False,False
5,2004.02.12.11.22.39,0.32068775965778956,2.912801868289766,False,False
6,2004.02.12.11.32.39,0.33526522150304383,2.25930123705732,True,False
7,2004.02.12.11.42.39,0.3034506989751785,2.1246968782538618,False,False
8,2004.02.12.11.52.39,0.13176770216891756,4.044378844350045,False,False
9,2004.02.12.12.02.39,0.21846800313367679,3.066803580700865,False,False
10,2004.02.12.12.12.39,0.24300954553106568,1.4617810659264463,False,False
11,2004.02.12.12.22.39,0.19377557602602144,2.6610046401268432,False,False
12,2004.02.12.12.32.39,0.08121272464050405,2.8228690655813926,False,False
13,2004.02.12.12.42.39,0.28306736281255984,1.9949329524908257,False,False
14,2004.02.12.12.52.39,0.23549327981366286,1.303990317848535,False,False
15,2004.02.12.13.02.39,0.2834461594577913,1.2028362825506458,False,False
16,2004.02.12.13.12.39,0.13833286103531434,1.9364412126908723,False,False
17,2004.02.12.13.22.39,0.22059333659789293,2.558741996978033,False,False
18,2004.02.12.13.32.39,0.15686319997608314,3.1422339143672886,False,False
19,2004.02.12.13.42.39,0.2435831089173937,2.791007558252397,False,False
20,2004.02.12.13.52.39,0.1747453783828721,1.5402041602100522,False,False
21,2004.02.12.14.02.39,0.21578932541930299,1.532951676325907,False,False
22,2004.02.12.14.12.39,0.2870120735569379,1.959348258803411,False,False
23,2004.02.12.14.22.39,0.1520499490261161,2.073723499178773,False,False
24,2004.02.12.14.32.39,0.06218066449658797,3.5011501328166075,False,False
25,2004.02.12.14.42.39,0.14150330143934334,2.539894403989695,False,False
26,2004.02.12.14.52.39,0.15411847642848156,1.1122887042582104,False,False
27,2004.02.12.15.02.39,0.20471034391184323,2.423225238103417,False,False
28,2004.02.12.15.12.39,0.15675514950575611,2.934907045701948,False,False
29,2004.02.12.15.22.39,0.16451480912982036,2.2211248212846217,False,False
30,2004.02.12.15.32.39,0.26278748900971155,1.8059886699966867,False,False
31,2004.02.12.15.42.39,0.3174441595430333,2.1876181572149815,False,False
32,2004.02.12.15.52.39,0.15718010859351259,1.8929256798214145,False,False
33,2004.02.12.16.02.39,0.08084171297439431,1.7448047586804116,False,False
34,2004.02.12.16.12.39,0.27055973160318786,2.2561721616223407,False,False
35,2004.02.12.16.22.39,0.10347754240804193,1.6332710126168803,False,False
36,2004.02.12.16.32.39,0.1262237494348656,2.1584372307354234,False,False
37,2004.02.12.16.42.39,0.13804335087010877,1.9598308715775985,False,False
38,2004.02.12.16.52.39,0.1028399850993787,2.219292176342346,False,False
39,2004.02.12.17.02.39,0.11599604651123716,3.120301393096228,False,False
40,2004.02.12.17.12.39,0.13763565898178,2.2120506120828223,False,False
41,2004.02.12.17.22.39,0.11584709266876944,1.0550229219243163,False,False
42,2004.02.12.17.32.39,0.09799482390094717,1.4066222069170728,False,False
43,2004.02.12.17.42.39,0.12686405434270515,1.4620451878992493,False,False
44,2004.02.12.17.52.39,0.18459439817461806,4.552957387240247,False,False
45,2004.02.12.18.02.39,0.1484582164428267,1.1826687289452646,False,False
46,2004.02.12.18.12.39,0.07889401957490136,2.1540188770381614,False,False
47,2004.02.12.18.22.39,0.133361625883409,3.2014794012661034,False,False
48,2004.02.12.18.32.39,0.1472696779134254,2.772263254247009,False,False
49,2004.02.12.18.42.39,0.1853383060922766,2.2602331616665174,False,False
50,2004.02.12.18.52.39,0.12334449371207094,1.0622716174662137,False,False
51,2004.02.12.19.02.39,0.15599512735999127,1.8429981069568453,False,False
52,2004.02.12.19.12.39,0.24600817228996047,4.139340551308424,False,False
53,2004.02.12.19.22.39,0.29926703316399084,3.7141222900280253,False,False
54,2004.02.12.19.32.39,0.15152531903193125,1.5601693247251678,False,False
55,2004.02.12.19.42.39,0.1454070604154986,2.756003550539139,False,False
56,2004.02.12.19.52.39,0.13265522978060784,2.127765926307165,False,False
57,2004.02.12.20.02.39,0.24315833030560657,2.3831584025529957,False,False
58,2004.02.12.20.12.39,0.1362847749427324,2.688363360800952,False,False
59,2004.02.12.20.22.39,0.2978980321399458,2.638226211474481,False,False
60,2004.02.12.20.32.39,0.08585201126365206,3.6877023784805685,False,False
61,2004.02.12.20.42.39,0.20198835401537363,1.847919888976974,False,False
62,2004.02.12.20.52.39,0.31290678935529076,1.8417593664683458,False,False
63,2004.02.12.21.02.39,0.12471925832028392,2.211445787881587,False,False
64,2004.02.12.21.12.39,0.1686873524777109,5.229419044606151,False,False
65,2004.02.12.21.22.39,0.09976856341368813,1.6137803715731902,False,False
66,2004.02.12.21.32.39,0.20972583171022577,2.8952902425587785,False,False
67,2004.02.12.21.42.39,0.20554634262337299,4.392774370652636,False,False
68,2004.02.12.21.52.39,0.21483022721434727,1.7714147266166693,False,False
69,2004.02.12.22.02.39,0.0776149391938598,2.8254504809080156,False,False
70,2004.02.12.22.12.39,0.19551335310086027,3.32714362985385,False,False
71,2004.02.12.22.22.39,0.23419879366260674,1.978340516605518,False,False
72,2004.02.12.22.32.39,0.22377471194285806,3.104711840324369,False,False
73,2004.02.12.22.42.39,0.30315708877276276,3.0789457948960184,False,False
74,2004.02.12.22.52.39,0.18363885204138927,2.319872925776583,False,False
75,2004.02.12.23.02.39,0.1816815982258264,2.0227407556456263,False,False
76,2004.02.12.23.12.39,0.2145494539891644,1.8596733115145598,False,False
77,2004.02.12.23.22.39,0.11247055347049999,1.5707319056304274,False,False
78,2004.02.12.23.32.39,0.14297720113346502,2.5731247769680525,False,False
79,2004.02.12.23.42.39,0.17890800414492772,6.679634295461772,False,True
80,2004.02.12.23.52.39,0.0933260942756669,3.0147114403085262,False,False
81,2004.02.13.00.02.39,0.2855408203618295,2.4664253655514026,False,False
82,2004.02.13.00.12.39,0.1574719948576672,2.4946918501189153,False,False
83,2004.02.13.00.22.39,0.2639212248408836,2.060587982857849,False,False
84,2004.02.13.00.32.39,0.21858429682994776,1.8503794825709086,False,False
85,2004.02.13.00.42.39,0.18134957137880844,3.630528243091964,False,False
86,2004.02.13.00.52.39,0.13724566008778327,5.4006392445976985,False,False
87,2004.02.13.01.02.39,0.30439088708025225,2.3737907432066754,False,False
88,2004.02.13.01.12.39,0.1955776144472043,2.364227653253808,False,False
89,2004.02.13.01.22.39,0.22099848963952162,4.191484436786813,False,False
90,2004.02.13.01.32.39,0.19929071075564986,1.5012858839962953,False,False
91,2004.02.13.01.42.39,0.1861749196322065,4.594253513046267,False,False
92,2004.02.13.01.52.39,0.14912556812262548,3.556817813527199,False,False
93,2004.02.13.02.02.39,0.2614023716546597,2.292890424986955,False,False
94,2004.02.13.02.12.39,0.15018535968954877,2.0823861221584017,False,False
95,2004.02.13.02.22.39,0.14816355476786566,1.4939516812047842,False,False
96,2004.02.13.02.32.39,0.1199108158845021,1.4044191156224997,False,False
97,2004.02.13.02.42.39,0.24211550395383402,2.6326897386021955,False,False
98,2004.02.13.02.52.39,0.21798067720524697,2.1332452908899238,False,False
99,2004.02.13.03.02.39,0.2536855273320652,2.6783987138758003,False,False
100,2004.02.13.03.12.39,0.059409771049811266,1.7140473096608428,False,False
101,2004.02.13.03.22.39,0.12219949697360522,1.9984811822511372,False,False
102,2004.02.13.03.32.39,0.14644540896147237,2.237394200483083,False,False
103,2004.02.13.03.42.39,0.18134456352838627,1.8557862243005376,False,False
104,2004.02.13.03.52.39,0.1040941166722166,1.5549325064620838,False,False
105,2004.02.13.04.02.39,0.09456054818959747,1.0692191075527055,False,False
106,2004.02.13.04.12.39,0.1070033709308758,2.1146742719406695,False,False
107,2004.02.13.04.22.39,0.20984233177819078,1.4232499545554618,False,False
108,2004.02.13.04.32.39,0.146709415516305,1.4109287204679204,False,False
109,2004.02.13.04.42.39,0.30413700132487836,2.1590773676985466,False,False
110,2004.02.13.04.52.39,0.1481116527263713,1.769793946569581,False,False
111,2004.02.13.05.02.39,0.1554332707197535,2.058164882133369,False,False
112,2004.02.13.05.12.39,0.16231480445936633,4.745214670201773,False,False
113,2004.02.13.05.22.39,0.16833030099506582,2.201480972236573,False,False
114,2004.02.13.05.32.39,0.2703663024333741,1.5808640317606226,False,False
115,2004.02.13.05.42.39,0.2430306381658933,2.0105083113917868,False,False
116,2004.02.13.05.52.39,0.1496878010236028,2.3468582590007574,False,False
117,2004.02.13.06.02.39,0.20235128891216553,1.6100747161699362,False,False
118,2004.02.13.06.12.39,0.15195547232968912,1.5026210843359236,False,False
119,2004.02.13.06.22.39,0.1714601273197981,1.7392276510295157,False,False
120,2004.02.13.06.32.39,0.17476896404984885,2.6706852496397517,False,False
121,2004.02.13.06.42.39,0.29111602689949523,2.6185907278374945,False,False
122,2004.02.13.06.52.39,0.13561692631529595,1.7839324994051724,False,False
123,2004.02.13.07.02.39,0.1315576181867064,1.325222530516752,False,False
124,2004.02.13.07.12.39,0.18796315266991676,2.710996573522589,False,False
125,2004.02.13.07.22.39,0.3075699703125702,1.557881047529672,False,False
126,2004.02.13.07.32.39,0.20433649302615553,2.3935014617645503,False,False
127,2004.02.13.07.42.39,0.08065722812103197,1.9245412856900843,False,False
128,2004.02.13.07.52.39,0.15986163221178978,6.077221639842381,False,True
129,2004.02.13.08.02.39,0.25329109032907204,2.446435219695465,False,False
130,2004.02.13.08.12.39,0.26847306898879747,4.715633011832478,False,False
131,2004.02.13.08.22.39,0.1177783490454435,5.276890755140722,False,False
132,2004.02.13.08.32.39,0.1039652063896285,1.6078980377858503,False,False
133,2004.02.13.08.42.39,0.12395881100561695,4.133019634448805,False,False
134,2004.02.13.08.52.39,0.1397876257991752,2.0161384240117615,False,False
135,2004.02.13.09.02.39,0.18037970092870226,1.8491429236819936,False,False
136,2004.02.13.09.12.39,0.09811501812594971,1.6853560152448366,False,False
137,2004.02.13.09.22.39,0.21179352644587446,1.9374075204793697,False,False
138,2004.02.13.09.32.39,0.07165296494177929,1.625561855246571,False,False
139,2004.02.13.09.42.39,0.3299754887314034,2.8903321250057843,False,False
140,2004.02.13.09.52.39,0.1198366512327346,2.174812960165781,False,False
141,2004.02.13.10.02.39,0.12481512160777199,1.0348351378271043,False,False
142,2004.02.13.10.12.39,0.12285916962865191,3.575421128835354,False,False
143,2004.02.13.10.22.39,0.26965344298837923,4.276143513833614,False,False
144,2004.02.13.10.32.39,0.21927597863435125,4.4448597142186586,False,False
145,2004.02.13.10.42.39,0.3082848552374637,4.5374388006797925,False,False
146,2004.02.13.10.52.39,0.1919256722241299,1.449490442363693,False,False
147,2004.02.13.11.02.39,0.33205465244572724,2.079226651640413,True,False
148,2004.02.13.11.12.39,0.12704676331987602,3.187243549102475,False,False
149,2004.02.13.11.22.39,0.22168358304210306,2.7787746022253104,False,False
150,2004.02.13.11.32.39,0.2551507396105197,2.238144006588521,False,False
151,2004.02.13.11.42.39,0.21195916748333013,2.6807431686067,False,False
152,2004.02.13.11.52.39,0.20965111369448708,2.906359931666166,False,False
153,2004.02.13.12.02.39,0.26058049372039294,1.5850925728179168,False,False
154,2004.02.13.12.12.39,0.10140853196160315,2.2406658699516933,False,False
155,2004.02.13.12.22.39,0.08268215639421535,2.729221517909279,False,False
156,2004.02.13.12.32.39,0.1524209948896113,2.279890253106842,False,False
157,2004.02.13.12.42.39,0.1816743262220783,2.0537809962461617,False,False
158,2004.02.13.12.52.39,0.1625148687760242,1.8869420075209442,False,False
159,2004.02.13.13.02.39,0.12119024768793321,3.3542017706131015,False,False
160,2004.02.13.13.12.39,0.20467744533629406,2.037168286834464,False,False
161,2004.02.13.13.22.39,0.10830655411975135,2.177136363943023,False,False
162,2004.02.13.13.32.39,0.11747232841220129,2.513356287969634,False,False
163,2004.02.13.13.42.39,0.13993586578196243,4.401826415292626,False,False
164,2004.02.13.13.52.39,0.15829108228831523,2.674825656076866,False,False
165,2004.02.13.14.02.39,0.3050547625387202,2.623922035910899,False,False
166,2004.02.13.14.12.39,0.14811106040531571,2.128312541041169,False,False
167,2004.02.13.14.22.39,0.10071575646576635,1.670315207794807,False,False
168,2004.02.13.14.32.39,0.16934611706272867,1.9949726688744367,False,False
169,2004.02.13.14.42.39,0.20568221516871418,1.9648371967290768,False,False
170,2004.02.13.14.52.39,0.13335123930136158,2.4858130622135057,False,False
171,2004.02.13.15.02.39,0.1455895760869593,1.9403158834258227,False,False
172,2004.02.13.15.12.39,0.11926668989212562,2.548771612922649,False,False
173,2004.02.13.15.22.39,0.22814978499884758,2.465955903845464,False,False
174,2004.02.13.15.32.39,0.13244654050399698,2.5926288140420586,False,False
175,2004.02.13.15.42.39,0.2656423007957226,2.220055914927312,False,False
176,2004.02.13.15.52.39,0.09823894649580803,3.751277374623257,False,False
177,2004.02.13.16.02.39,0.24958725056078718,2.417784014315885,False,False
178,2004.02.13.16.12.39,0.26787717850884374,2.332490998839281,False,False
179,2004.02.13.16.22.39,0.137666532343863,3.333352900379696,False,False
180,2004.02.13.16.32.39,0.13950625523042395,3.4784461969461944,False,False
181,2004.02.13.16.42.39,0.13374170082576708,4.7361972792138864,False,False
182,2004.02.13.16.52.39,0.1305079107750489,2.5653655138384734,False,False
183,2004.02.13.17.02.39,0.114218439406053,3.3367160100841597,False,False
184,2004.02.13.17.12.39,0.1429394693126038,4.370965099660605,False,False
185,2004.02.13.17.22.39,0.1534027374343085,1.915300746307261,False,False
186,2004.02.13.17.32.39,0.14418343127434144,3.0518653419599313,False,False
187,2004.02.13.17.42.39,0.2691566009654817,5.591745973725326,False,False
188,2004.02.13.17.52.39,0.18139938012849727,2.520660663831825,False,False
189,2004.02.13.18.02.39,0.1416649635456426,2.2480735072949805,False,False
190,2004.02.13.18.12.39,0.2939852926117355,2.8140681717612797,False,False
191,2004.02.13.18.22.39,0.2780288139224537,3.5502479538405276,False,False
192,2004.02.13.18.32.39,0.14470179861269197,2.5373911974644416,False,False
193,2004.02.13.18.42.39,0.12370953953967607,2.8403787628128905,False,False
194,2004.02.13.18.52.39,0.20459704765723086,3.6363943026293732,False,False
195,2004.02.13.19.02.39,0.19987306721378664,1.907560925474413,False,False
196,2004.02.13.19.12.39,0.26528346060799973,4.745456447190016,False,False
197,2004.02.13.19.22.39,0.12761603031369242,2.748768391348906,False,False
198,2004.02.13.19.32.39,0.16917115412781575,1.8621920208330154,False,False
199,2004.02.13.19.42.39,0.1742452127975072,2.6072531257198213,False,False
200,2004.02.13.19.52.39,0.10339284058189356,2.601076095995834,False,False
201,2004.02.13.20.02.39,0.12745661888319681,2.480662432243421,False,False
202,2004.02.13.20.12.39,0.24835812220449643,3.7264560733955774,False,False
203,2004.02.13.20.22.39,0.12763682043704053,1.6326804555702281,False,False
204,2004.02.13.20.32.39,0.29671972459211826,2.383759375558452,False,False
205,2004.02.13.20.42.39,0.13802986158515376,3.2014637989958428,False,False
206,2004.02.13.20.52.39,0.14976638876156081,2.139141376753961,False,False
207,2004.02.13.21.02.39,0.10188002387648795,2.6208121156887576,False,False
208,2004.02.13.21.12.39,0.2457557853208744,2.314043505739793,False,False
209,2004.02.13.21.22.39,0.13018469104623812,3.451231094153052,False,False
210,2004.02.13.21.32.39,0.13206980834171678,2.337877263484022,False,False
211,2004.02.13.21.42.39,0.16402340705806362,2.4683059194286607,False,False
212,2004.02.13.21.52.39,0.09916262867156389,2.7021805702785535,False,False
213,2004.02.13.22.02.39,0.11113516709234193,3.5036615801194775,False,False
214,2004.02.13.22.12.39,0.1161712499538274,4.430589030359291,False,False
215,2004.02.13.22.22.39,0.24250751218341318,2.2011926679888214,False,False
216,2004.02.13.22.32.39,0.27314391986608594,2.709288455497681,False,False
217,2004.02.13.22.42.39,0.17644771778827137,2.3907421370562583,False,False
218,2004.02.13.22.52.39,0.16503282099604102,2.7426469442859402,False,False
219,2004.02.13.23.02.39,0.1004389938544616,1.7811542948509422,False,False
220,2004.02.13.23.12.39,0.12605241338496428,3.0758085645468056,False,False
221,2004.02.13.23.22.39,0.15192057210047422,2.1382461793652823,False,False
222,2004.02.13.23.32.39,0.09969004289442042,2.1732509755766216,False,False
223,2004.02.13.23.42.39,0.15403737582564572,2.085019401152277,False,False
224,2004.02.13.23.52.39,0.15375121863591287,2.1703146675643543,False,False
225,2004.02.14.00.02.39,0.15516407126834256,2.1016519033039467,False,False
226,2004.02.14.00.12.39,0.19190081557120206,2.093132272436348,False,False
227,2004.02.14.00.22.39,0.27528976044226394,2.3653099028837286,False,False
228,2004.02.14.00.32.39,0.08709307628467919,2.362433025322915,False,False
229,2004.02.14.00.42.39,0.13607652406344328,2.876251872050502,False,False
230,2004.02.14.00.52.39,0.20922441370296133,2.8114275796317396,False,False
231,2004.02.14.01.02.39,0.3059678810880045,2.1615420351902626,False,False
232,2004.02.14.01.12.39,0.11742788003190134,3.8043050784825416,False,False
233,2004.02.14.01.22.39,0.29420205217331935,3.0235769861247372,False,False
234,2004.02.14.01.32.39,0.13859698268636464,2.5965635573155583,False,False
235,2004.02.14.01.42.39,0.11515138366863849,2.9827183931391024,False,False
236,2004.02.14.01.52.39,0.15245365358480628,3.531036441480919,False,False
237,2004.02.14.02.02.39,0.1409081759138772,2.61424486091652,False,False
238,2004.02.14.02.12.39,0.24014003853161422,3.61864790980507,False,False
239,2004.02.14.02.22.39,0.12748989469778457,2.0128308193906856,False,False
240,2004.02.14.02.32.39,0.16122140790388234,2.6387148795078623,False,False
241,2004.02.14.02.42.39,0.17330610624948012,2.9573784160522116,False,False
242,2004.02.14.02.52.39,0.34833338040863016,4.114231165636659,True,False
243,2004.02.14.03.02.39,0.22674552365991366,3.1111807712884345,False,False
244,2004.02.14.03.12.39,0.12783710030630727,3.1623243726306884,False,False
245,2004.02.14.03.22.39,0.2124898166673659,3.0678450672967736,False,False
246,2004.02.14.03.32.39,0.2650785576424478,3.2195083648903564,False,False
247,2004.02.14.03.42.39,0.19086046130129153,2.620447818683375,False,False
248,2004.02.14.03.52.39,0.29455824195248315,5.734326740471296,False,False
249,2004.02.14.04.02.39,0.23144125733615953,2.0104230925283395,False,False
250,2004.02.14.04.12.39,0.14591164510313526,3.150315609613615,False,False
251,2004.02.14.04.22.39,0.25784648388222803,3.1076027705522047,False,False
252,2004.02.14.04.32.39,0.21828894386133732,2.2026709139812857,False,False
253,2004.02.14.04.42.39,0.14951106509078954,2.2825280151285225,False,False
254,2004.02.14.04.52.39,0.2395560346120361,2.2598893614977036,False,False
255,2004.02.14.05.02.39,0.12258138224619639,2.0152051445125103,False,False
256,2004.02.14.05.12.39,0.1037523123971212,2.237219788080937,False,False
257,2004.02.14.05.22.39,0.20265478898088257,2.234343825935758,False,False
258,2004.02.14.05.32.39,0.10639575997787239,2.850915845067818,False,False
259,2004.02.14.05.42.39,0.17290493267036333,1.8668539340106558,False,False
260,2004.02.14.05.52.39,0.13726214786249677,2.317515549110336,False,False
261,2004.02.14.06.02.39,0.1609531632641077,2.617675816036364,False,False
262,2004.02.14.06.12.39,0.21260671405344092,2.3799733880865803,False,False
263,2004.02.14.06.22.39,0.13196947328239259,2.3448022212181905,False,False
264,2004.02.14.06.32.39,0.10900935610911837,2.11027480313146,False,False
265,2004.02.14.06.42.39,0.27375099381369344,2.2936539945652146,False,False
266,2004.02.14.06.52.39,0.1030392728688496,2.893168738877803,False,False
267,2004.02.14.07.02.39,0.18572951152737333,2.15634135128895,False,False
268,2004.02.14.07.12.39,0.12612968904859323,3.9391023241663143,False,False
269,2004.02.14.07.22.39,0.1628505013234086,2.192444957930897,False,False
270,2004.02.14.07.32.39,0.3037303364710346,2.4011761870722603,False,False
271,2004.02.14.07.42.39,0.12613403447070823,2.370880537122121,False,False
272,2004.02.14.07.52.39,0.307294126480184,2.8329726252261165,False,False
273,2004.02.14.08.02.39,0.10763961002745974,3.198433633867286,False,False
274,2004.02.14.08.12.39,0.15895000649122196,6.004121079599163,False,True
275,2004.02.14.08.22.39,0.27662353347119883,2.203190886280388,False,False
276,2004.02.14.08.32.39,0.2407416567752458,2.7233976512123492,False,False
277,2004.02.14.08.42.39,0.13479039039873011,3.195606834190141,False,False
278,2004.02.14.08.52.39,0.27840166046799725,2.9556502280262515,False,False
279,2004.02.14.09.02.39,0.15976079561482132,3.879462948297426,False,False
280,2004.02.14.09.12.39,0.11768152709583207,2.8702553842447434,False,False
281,2004.02.14.09.22.39,0.24987192846722264,3.2041181154633653,False,False
282,2004.02.14.09.32.39,0.31664047972343773,3.9894710453790228,False,False
283,2004.02.14.09.42.39,0.19651123300971515,2.475186577780572,False,False
284,2004.02.14.09.52.39,0.21770841340378924,2.465112311565649,False,False
285,2004.02.14.10.02.39,0.17797683540655834,2.9833102389525514,False,False
286,2004.02.14.10.12.39,0.13301819699135695,2.345468176377816,False,False
287,2004.02.14.10.22.39,0.14481345012223368,2.947535287108163,False,False
288,2004.02.14.10.32.39,0.10747668329692833,2.080060753606607,False,False
289,2004.02.14.10.42.39,0.1260600454600313,3.4595965541388645,False,False
290,2004.02.14.10.52.39,0.10211239498279337,2.8465394980810133,False,False
291,2004.02.14.11.02.39,0.2692092493961051,3.131098881248359,False,False
292,2004.02.14.11.12.39,0.27868668989546996,3.361314596391778,False,False
293,2004.02.14.11.22.39,0.33389357627088995,6.167521050403696,True,True
294,2004.02.14.11.32.39,0.2511275885011931,2.2570919653041934,False,False
295,2004.02.14.11.42.39,0.27721912235604695,2.563977767311679,False,False
296,2004.02.14.11.52.39,0.31736875781681495,2.797538108569673,False,False
297,2004.02.14.12.02.39,0.22207923182431852,5.252467835582752,False,False
298,2004.02.14.12.12.39,0.28805468217681385,2.762505535066867,False,False
299,2004.02.14.12.22.39,0.18784377633900248,2.336717430767322,False,False
300,2004.02.14.12.32.39,0.21507232979565202,2.2746269071584413,False,False
301,2004.02.14.12.42.39,0.2413972822597143,2.6509230983754035,False,False
302,2004.02.14.12.52.39,0.27166862673077985,2.6859633029787204,False,False
303,2004.02.14.13.02.39,0.17473975963371502,2.4755335270550844,False,False
304,2004.02.14.13.12.39,0.27418232200940407,3.7277786945705307,False,False
305,2004.02.14.13.22.39,0.23705719755753285,3.3586486668804385,False,False
306,2004.02.14.13.32.39,0.2833875913601084,3.176550612971842,False,False
307,2004.02.14.13.42.39,0.14691165411121204,2.6210071156944035,False,False
308,2004.02.14.13.52.39,0.218276371237224,2.94297851065315,False,False
309,2004.02.14.14.02.39,0.32311290470177173,3.4151564351399983,False,False
310,2004.02.14.14.12.39,0.1535621683891333,1.8425143379409579,False,False
311,2004.02.14.14.22.39,0.11790267441259303,1.7406213147783096,False,False
312,2004.02.14.14.32.39,0.24056623168059962,4.217641697423797,False,False
313,2004.02.14.14.42.39,0.26971422646431265,3.567668624236683,False,False
314,2004.02.14.14.52.39,0.1947170402608518,3.4335973319817756,False,False
315,2004.02.14.15.02.39,0.1874282752238603,2.483170769163809,False,False
316,2004.02.14.15.12.39,0.23029654515180378,2.818947126660275,False,False
317,2004.02.14.15.22.39,0.14954034258972757,2.405733903170121,False,False
318,2004.02.14.15.32.39,0.17965905427860443,2.8577045907834586,False,False
319,2004.02.14.15.42.39,0.1130552989241098,3.6131022983537835,False,False
320,2004.02.14.15.52.39,0.21016578175798045,2.161430525921916,False,False
321,2004.02.14.16.02.39,0.324435813830589,3.110146878333613,False,False
322,2004.02.14.16.12.39,0.19884035032801348,3.0785154327120328,False,False
323,2004.02.14.16.22.39,0.27818409990469356,2.979749750338681,False,False
324,2004.02.14.16.32.39,0.13810122080073664,2.5881700193808355,False,False
325,2004.02.14.16.42.39,0.13860526631945772,2.722990214558926,False,False
326,2004.02.14.16.52.39,0.2234997408541491,3.15282998314857,False,False
327,2004.02.14.17.02.39,0.3115367524939336,2.7715962003507038,False,False
328,2004.02.14.17.12.39,0.11511597152942503,3.3615346604210603,False,False
329,2004.02.14.17.22.39,0.1709554837072852,3.340791456377296,False,False
330,2004.02.14.17.32.39,0.2728746978093463,2.7515459533303375,False,False
331,2004.02.14.17.42.39,0.13815114033539883,2.269883741893121,False,False
332,2004.02.14.17.52.39,0.2999736122835217,3.4179879843864724,False,False
333,2004.02.14.18.02.39,0.20044814047636478,3.789200539330215,False,False
334,2004.02.14.18.12.39,0.10827474606987993,2.7006887125921537,False,False
335,2004.02.14.18.22.39,0.17629982600118924,3.3713830122136192,False,False
336,2004.02.14.18.32.39,0.26453752142873227,2.9733544919995145,False,False
337,2004.02.14.18.42.39,0.19644440194169688,2.247129644978232,False,False
338,2004.02.14.18.52.39,0.276793131035429,2.485287838257964,False,False
339,2004.02.14.19.02.39,0.2209657122435082,2.5201843816314513,False,False
340,2004.02.14.19.12.39,0.2425035552900772,2.783679647923099,False,False
341,2004.02.14.19.22.39,0.10373854692481398,3.7806753483119406,False,False
342,2004.02.14.19.32.39,0.16151024321885513,3.069982350169444,False,False
343,2004.02.14.19.42.39,0.2372230861592256,4.5994509375847645,False,False
344,2004.02.14.19.52.39,0.3419173505329301,4.654534873819407,True,False
345,2004.02.14.20.02.39,0.28449822018696497,2.2918055061478566,False,False
346,2004.02.14.20.12.39,0.2274823711631478,2.1878499202992683,False,False
347,2004.02.14.20.22.39,0.31478325618334035,2.4356541474359314,False,False
348,2004.02.14.20.32.39,0.31868514166182516,3.6970199360318547,False,False
349,2004.02.14.20.42.39,0.17688631008478534,3.3046006670341757,False,False
350,2004.02.14.20.52.39,0.13074645135795712,3.8461133660941056,False,False
351,2004.02.14.21.02.39,0.2693496329288238,3.332801573826553,False,False
352,2004.02.14.21.12.39,0.20178781093949713,3.0416192447330372,False,False
353,2004.02.14.21.22.39,0.13362238215889524,3.76073320485618,False,False
354,2004.02.14.21.32.39,0.24054344515507578,2.7373238518650953,False,False
355,2004.02.14.21.42.39,0.1856303152764942,3.6910891815998346,False,False
356,2004.02.14.21.52.39,0.19650744091062392,2.131083182672163,False,False
357,2004.02.14.22.02.39,0.235417358460273,2.8873503304862096,False,False
358,2004.02.14.22.12.39,0.1328082233011743,2.4227267297987205,False,False
359,2004.02.14.22.22.39,0.09644901907237168,3.1406377922722797,False,False
360,2004.02.14.22.32.39,0.13077779736891135,2.5025233020003896,False,False
361,2004.02.14.22.42.39,0.1780066712860305,4.29510696978035,False,False
362,2004.02.14.22.52.39,0.2806608295855297,2.8857132009344624,False,False
363,2004.02.14.23.02.39,0.30726380537415365,2.279624534974803,False,False
364,2004.02.14.23.12.39,0.2388174089543437,3.1917784651516414,False,False
365,2004.02.14.23.22.39,0.14161029512076448,3.1324375576182746,False,False
366,2004.02.14.23.32.39,0.3140361993388181,3.066057027266036,False,False
367,2004.02.14.23.42.39,0.1544424193141429,1.435084873953245,False,False
368,2004.02.14.23.52.39,0.15116647783139184,3.3472045435140663,False,False
369,2004.02.15.00.02.39,0.23934252967304448,3.0144153214881206,False,False
370,2004.02.15.00.12.39,0.2031816598015856,2.749430336268051,False,False
371,2004.02.15.00.22.39,0.26963958264258814,4.282313219784759,False,False
372,2004.02.15.00.32.39,0.20985610076369268,2.9161627460042254,False,False
373,2004.02.15.00.42.39,0.3205854879575386,3.3082510230338427,False,False
374,2004.02.15.00.52.39,0.16727341511839433,3.174778475951439,False,False
375,2004.02.15.01.02.39,0.1799632954973883,3.527666230816851,False,False
376,2004.02.15.01.12.39,0.31739303335401,2.7067893653854274,False,False
377,2004.02.15.01.22.39,0.25990943630918034,3.664371198764959,False,False
378,2004.02.15.01.32.39,0.30652480508778046,3.283476714651315,False,False
379,2004.02.15.01.42.39,0.13750704019520787,3.209963097479905,False,False
380,2004.02.15.01.52.39,0.28579382261175956,2.8433205548721574,False,False
381,2004.02.15.02.02.39,0.2481934671330205,7.104118912633857,False,True
382,2004.02.15.02.12.39,0.32207853158890587,3.8102258108723084,False,False
383,2004.02.15.02.22.39,0.10218818197143813,2.628980656264508,False,False
384,2004.02.15.02.32.39,0.19778980883636307,4.444029428500846,False,False
385,2004.02.15.02.42.39,0.23075217949254062,2.1245384107860796,False,False
386,2004.02.15.02.52.39,0.09949008784714207,3.0409512856155945,False,False
387,2004.02.15.03.02.39,0.3167473171641243,3.5987006594479185,False,False
388,2004.02.15.03.12.39,0.19946718453678297,2.939495732448042,False,False
389,2004.02.15.03.22.39,0.3284076907701273,3.066787632027046,False,False
390,2004.02.15.03.32.39,0.2522737580283613,3.0690672640484244,False,False
391,2004.02.15.03.42.39,0.26748711104658357,3.2039059499780533,False,False
392,2004.02.15.03.52.39,0.1326057833996356,1.9728031037497806,False,False
393,2004.02.15.04.02.39,0.2949764316257792,2.3617073108060085,False,False
394,2004.02.15.04.12.39,0.24854429074160853,2.7446640754449128,False,False
395,2004.02.15.04.22.39,0.19031576217826712,2.8196167248688457,False,False
396,2004.02.15.04.32.39,0.1553685556149723,2.674781026951356,False,False
397,2004.02.15.04.42.39,0.30014201518148864,2.8245381539927457,False,False
398,2004.02.15.04.52.39,0.2873064805767309,4.662516581106348,False,False
399,2004.02.15.05.02.39,0.16442760791010183,3.928170603567294,False,False
400,2004.02.15.05.12.39,0.25749354640940697,2.8007315297243625,False,False
401,2004.02.15.05.22.39,0.22198762373322456,3.8071951657275966,False,False
402,2004.02.15.05.32.39,0.1407378719889966,2.38271246670769,False,False
403,2004.02.15.05.42.39,0.28887689065808586,4.540405768937107,False,False
404,2004.02.15.05.52.39,0.31419216725053345,3.42476007990186,False,False
405,2004.02.15.06.02.39,0.28431645945898437,2.562060086116616,False,False
406,2004.02.15.06.12.39,0.18324355203097759,3.0750242654937403,False,False
407,2004.02.15.06.22.39,0.31288065839751567,4.296068865465591,False,False
408,2004.02.15.06.32.39,0.10976781477059765,2.528614117136569,False,False
409,2004.02.15.06.42.39,0.3152854299256371,3.698509012227633,False,False
410,2004.02.15.06.52.39,0.32001664756897025,3.6608991894972975,False,False
411,2004.02.15.07.02.39,0.13800022199740386,3.52952698794602,False,False
412,2004.02.15.07.12.39,0.14514532974092706,2.535310712822035,False,False
413,2004.02.15.07.22.39,0.3326370224919602,4.215505955074789,True,False
414,2004.02.15.07.32.39,0.23044025867621665,3.5133234037694994,False,False
415,2004.02.15.07.42.39,0.2562006412131182,2.6494630329436615,False,False
416,2004.02.15.07.52.39,0.22892416853700745,3.359686974235582,False,False
417,2004.02.15.08.02.39,0.274684014927331,3.331540624397384,False,False
418,2004.02.15.08.12.39,0.32319954518701927,3.525986667461053,False,False
419,2004.02.15.08.22.39,0.1695841868172241,3.484234063909513,False,False
420,2004.02.15.08.32.39,0.2757185324578656,2.8253069412402962,False,False
421,2004.02.15.08.42.39,0.20199955142023304,2.616096095289822,False,False
422,2004.02.15.08.52.39,0.2954752500941762,2.780526051968974,False,False
423,2004.02.15.09.02.39,0.12160402471497188,2.6035994029237135,False,False
424,2004.02.15.09.12.39,0.20671554742363513,3.213453720968655,False,False
425,2004.02.15.09.22.39,0.19027124904293746,2.300384493484459,False,False
426,2004.02.15.09.32.39,0.28100545518758396,3.383707226023764,False,False
427,2004.02.15.09.42.39,0.16037615842935826,3.63592420268,False,False
428,2004.02.15.09.52.39,0.30018403226900153,3.22700056414264,False,False
429,2004.02.15.10.02.39,0.14140111571330427,2.8535662987657933,False,False
430,2004.02.15.10.12.39,0.23974006588471938,3.379169449524743,False,False
431,2004.02.15.10.22.39,0.2650242588338469,3.1088772101398017,False,False
432,2004.02.15.10.32.39,0.12066974065349562,2.781339339798531,False,False
433,2004.02.15.10.42.39,0.22001760646270302,3.6594298233818976,False,False
434,2004.02.15.10.52.39,0.2799786885336474,5.523519468715054,False,False
435,2004.02.15.11.02.39,0.22637538225458892,3.278880896660472,False,False
436,2004.02.15.11.12.39,0.34284638182660176,2.82126627687221,True,False
437,2004.02.15.11.22.39,0.30317728113859677,3.645037264651383,False,False
438,2004.02.15.11.32.39,0.2641879542126183,3.666783997969736,False,False
439,2004.02.15.11.42.39,0.30211558536739475,2.9151121005907137,False,False
440,2004.02.15.11.52.39,0.14685907351162483,4.0341402340634485,False,False
441,2004.02.15.12.02.39,0.20881168771283293,3.0291376977022955,False,False
442,2004.02.15.12.12.39,0.308948905565389,3.3582573773742257,False,False
443,2004.02.15.12.22.39,0.2063783493250043,2.180513229240167,False,False
444,2004.02.15.12.32.39,0.2625610300704635,3.1564430857100696,False,False
445,2004.02.15.12.42.39,0.31939122413382226,3.320784191707227,False,False
446,2004.02.15.12.52.39,0.25992986117845995,3.197534364105311,False,False
447,2004.02.15.13.02.39,0.33977260994916075,4.075980514122465,True,False
448,2004.02.15.13.12.39,0.24139347818269027,3.4309725840824172,False,False
449,2004.02.15.13.22.39,0.13281918454448766,2.485157729417395,False,False
450,2004.02.15.13.32.39,0.19801361109227525,2.4848149148982106,False,False
451,2004.02.15.13.42.39,0.2680270240807303,2.332603718752432,False,False
452,2004.02.15.13.52.39,0.12741949302969066,2.2572243342390306,False,False
453,2004.02.15.14.02.39,0.2644602023580197,2.1308396752303898,False,False
454,2004.02.15.14.12.39,0.3202779144829597,2.224146116017797,False,False
455,2004.02.15.14.22.39,0.32923086478050384,3.3395841901117014,False,False
456,2004.02.15.14.32.39,0.3190243308328293,4.215721925620675,False,False
457,2004.02.15.14.42.39,0.19378380356144528,4.225079413602058,False,False
458,2004.02.15.14.52.39,0.3049838186797103,4.065423755749345,False,False
459,2004.02.15.15.02.39,0.33028274529220386,3.4423615356987027,False,False
460,2004.02.15.15.12.39,0.2524267991159522,2.827940940395789,False,False
461,2004.02.15.15.22.39,0.3571580599352555,5.470499038468113,True,False
462,2004.02.15.15.32.39,0.15928653323664166,2.403819009119665,False,False
463,2004.02.15.15.42.39,0.32725204198027924,2.9766402522416495,False,False
464,2004.02.15.15.52.39,0.20356599730376643,3.611799182726028,False,False
465,2004.02.15.16.02.39,0.2681198557894961,3.80670361461902,False,False
466,2004.02.15.16.12.39,0.14605133623508246,5.955938651792106,False,True
467,2004.02.15.16.22.39,0.3288059393269668,3.9857830984187275,False,False
468,2004.02.15.16.32.39,0.3156900373260322,2.8379824678263033,False,False
469,2004.02.15.16.42.39,0.10958275702451295,3.4220868005298857,False,False
470,2004.02.15.16.52.39,0.19947219801743604,3.0435335167473467,False,False
471,2004.02.15.17.02.39,0.25921394438342826,3.446492156270788,False,False
472,2004.02.15.17.12.39,0.28052229090126857,3.015809129232876,False,False
473,2004.02.15.17.22.39,0.3397402537269572,4.178064057126181,True,False
474,2004.02.15.17.32.39,0.2829898920378151,3.086694209677913,False,False
475,2004.02.15.17.42.39,0.27916239935338355,3.3960824810994366,False,False
476,2004.02.15.17.52.39,0.09939050771102535,3.1030438480325033,False,False
477,2004.02.15.18.02.39,0.3226051136666815,3.5770831928286535,False,False
478,2004.02.15.18.12.39,0.1471630303716978,2.5482890384083263,False,False
479,2004.02.15.18.22.39,0.22604031973136376,3.0205929068209714,False,False
480,2004.02.15.18.32.39,0.25166279638670364,4.271735776583735,False,False
481,2004.02.15.18.42.39,0.2409775600188505,2.928775549502836,False,False
482,2004.02.15.18.52.39,0.1368821064946292,3.2764309028256675,False,False
483,2004.02.15.19.02.39,0.31418426073712896,2.9703604782025925,False,False
484,2004.02.15.19.12.39,0.3311104679930639,4.5707966717146835,True,False
485,2004.02.15.19.22.39,0.1465342957547675,2.825697527093736,False,False
486,2004.02.15.19.32.39,0.3094924200830065,3.7936747852601704,False,False
487,2004.02.15.19.42.39,0.2957576066528401,3.1652178000994518,False,False
488,2004.02.15.19.52.39,0.2913010050078298,2.930131546559197,False,False
489,2004.02.15.20.02.39,0.26454003822737265,3.673634115302418,False,False
490,2004.02.15.20.12.39,0.14061537790550982,3.3275910252922865,False,False
491,2004.02.15.20.22.39,0.3336897149806721,3.866265710723596,True,False
492,2004.02.15.20.32.39,0.32853996285217174,3.438065279313062,False,False
493,2004.02.15.20.42.39,0.3222377095134893,3.2870534682508312,False,False
494,2004.02.15.20.52.39,0.16608173572627427,4.363196750193717,False,False
495,2004.02.15.21.02.39,0.3121664520941607,3.579939270752289,False,False
496,2004.02.15.21.12.39,0.3343340179953818,3.453347667625561,True,False
497,2004.02.15.21.22.39,0.3255807461670306,2.562100864106725,False,False
498,2004.02.15.21.32.39,0.13733936705557367,3.0121109289540144,False,False
499,2004.02.15.21.42.39,0.223657183571481,3.5220093697713213,False,False
500,2004.02.15.21.52.39,0.32722579625404574,4.2617147562706785,False,False
501,2004.02.15.22.02.39,0.2814317784072088,3.431496185318643,False,False
502,2004.02.15.22.12.39,0.30939542395121056,3.455242909334143,False,False
503,2004.02.15.22.22.39,0.14114185021721626,2.393333655455913,False,False
504,2004.02.15.22.32.39,0.3203594055592476,2.3156862829801503,False,False
505,2004.02.15.22.42.39,0.2599448414408937,2.70273580462284,False,False
506,2004.02.15.22.52.39,0.31687177021410173,3.1025074910875285,False,False
507,2004.02.15.23.02.39,0.25662891951768674,2.1906018667104004,False,False
508,2004.02.15.23.12.39,0.31295176058332974,3.296882828226571,False,False
509,2004.02.15.23.22.39,0.23464144819371813,3.1265527402245867,False,False
510,2004.02.15.23.32.39,0.2704753848945347,3.1033515926111854,False,False
511,2004.02.15.23.42.39,0.29954903705901825,5.822167806867506,False,False
512,2004.02.15.23.52.39,0.35132169154534626,3.461971705190461,True,False
513,2004.02.16.00.02.39,0.24781325236073334,2.760460105023989,False,False
514,2004.02.16.00.12.39,0.3195566121632431,3.972013068942754,False,False
515,2004.02.16.00.22.39,0.30910083432814467,2.9681968281262905,False,False
516,2004.02.16.00.32.39,0.3364473509949086,4.186051430783412,True,False
517,2004.02.16.00.42.39,0.11310985493023791,3.6572289553472723,False,False
518,2004.02.16.00.52.39,0.11910965233092931,3.555908570681992,False,False
519,2004.02.16.01.02.39,0.2921652389109722,3.4175493783311177,False,False
520,2004.02.16.01.12.39,0.33261882773413076,3.8679143098541444,True,False
521,2004.02.16.01.22.39,0.23378970962165385,3.5461737277965164,False,False
522,2004.02.16.01.32.39,0.317652513578367,3.7956956804737487,False,False
523,2004.02.16.01.42.39,0.34604107271527873,4.360425725092577,True,False
524,2004.02.16.01.52.39,0.3493400813128665,2.736353176014949,True,False
525,2004.02.16.02.02.39,0.32292300910531724,2.4689642738628526,False,False
526,2004.02.16.02.12.39,0.2990161487574377,2.9153827308214497,False,False
527,2004.02.16.02.22.39,0.3320217439230498,3.476594413006499,True,False
528,2004.02.16.02.32.39,0.29293846683611785,2.4891873568962066,False,False
529,2004.02.16.02.42.39,0.32780775834733084,4.315536072886458,False,False
530,2004.02.16.02.52.39,0.32166204765742035,2.5401221391339233,False,False
531,2004.02.16.03.02.39,0.3162152527799922,3.397921804943132,False,False
532,2004.02.16.03.12.39,0.3640063369617242,4.479148683992805,True,False
533,2004.02.16.03.22.39,0.36151830035807503,6.033734284201614,True,True
534,2004.02.16.03.32.39,0.35921017449288445,6.408222232716452,True,True
535,2004.02.16.03.42.39,0.3669579629657984,5.095933735236251,True,False
536,2004.02.16.03.52.39,0.35790695395837857,4.767281511048333,True,False
537,2004.02.16.04.02.39,0.368244083173399,6.316712742634889,True,True
538,2004.02.16.04.12.39,0.3628743857412651,8.00961764303028,True,True
539,2004.02.16.04.22.39,0.3650073339684341,6.130633221065366,True,True
540,2004.02.16.04.32.39,0.360441447019967,4.6228796292634495,True,False
541,2004.02.16.04.42.39,0.3604477718136533,5.6497336857536204,True,False
542,2004.02.16.04.52.39,0.36045083306309905,5.953837068401051,True,True
543,2004.02.16.05.02.39,0.3624421965603922,7.421804233887483,True,True
544,2004.02.16.05.12.39,0.3601419941732725,6.528745075388786,True,True
545,2004.02.16.05.22.39,0.36501474724681704,9.029476501887117,True,True
546,2004.02.16.05.32.39,0.3639789291019502,6.810286113866245,True,True
547,2004.02.16.05.42.39,0.36230570880406954,7.302263507476182,True,True
548,2004.02.16.05.52.39,0.36310257993312733,9.13440421726963,True,True
549,2004.02.16.06.02.39,0.30636438156585105,9.227495340575684,False,True
550,2004.02.16.06.12.39,0.36230226795746323,9.807267289861063,True,True
551,2004.02.16.06.22.39,0.3656491105825351,7.809732405076467,True,True
552,2004.02.16.06.32.39,0.36621586326918415,7.756447501762037,True,True
553,2004.02.16.06.42.39,0.35723499283793253,8.859851404937013,True,True
554,2004.02.16.06.52.39,0.3672874263503278,9.730224971997304,True,True
555,2004.02.16.07.02.39,0.36418517075748497,10.299354294109563,True,True
556,2004.02.16.07.12.39,0.3589361554163319,8.408650906853309,True,True
557,2004.02.16.07.22.39,0.3651205483979748,11.299650697811483,True,True
558,2004.02.16.07.32.39,0.3666811716876824,7.6074903033642505,True,True
559,2004.02.16.07.42.39,0.35767242361165413,10.475330287208033,True,True
560,2004.02.16.07.52.39,0.36526699930487155,10.994177763842236,True,True
561,2004.02.16.08.02.39,0.3637263236052323,9.481635847476884,True,True
562,2004.02.16.08.12.39,0.36585155782310735,9.783581777398537,True,True
563,2004.02.16.08.22.39,0.3486618832411439,11.160690444454039,True,True
564,2004.02.16.08.32.39,0.360417371820262,8.060947060680427,True,True
565,2004.02.16.08.42.39,0.3547070221428454,10.56069989687945,True,True
566,2004.02.16.08.52.39,0.3660049888329128,10.155287892038197,True,True
567,2004.02.16.09.02.39,0.36413863759797765,9.050774595327535,True,True
568,2004.02.16.09.12.39,0.3636822322116161,8.881457333933414,True,True
569,2004.02.16.09.22.39,0.36506641897123104,10.578898480171011,True,True
570,2004.02.16.09.32.39,0.35240807259734985,10.370275813103586,True,True
571,2004.02.16.09.42.39,0.34768454858671155,12.429661455173205,True,True
572,2004.02.16.09.52.39,0.36405190586200864,10.585319953294556,True,True
573,2004.02.16.10.02.39,0.37448032502244344,10.165635337381834,True,True
574,2004.02.16.10.12.39,0.3636867851573801,11.775047221573505,True,True
575,2004.02.16.10.22.39,0.28188230374446344,11.59101257995306,False,True
576,2004.02.16.10.32.39,0.3580433084129025,10.413870415209756,True,True
577,2004.02.16.10.42.39,0.3665253821322429,10.607680645767092,True,True
578,2004.02.16.10.52.39,0.34101161889224435,12.427183018941953,True,True
579,2004.02.16.11.02.39,0.3666472434064536,12.953414252303652,True,True
580,2004.02.16.11.12.39,0.36131978648918234,12.208816076427805,True,True
581,2004.02.16.11.22.39,0.3610991556528299,13.586163958698988,True,True
582,2004.02.16.11.32.39,0.366615418407717,12.667812761750858,True,True
583,2004.02.16.11.42.39,0.36227637450898414,14.424763039464466,True,True
584,2004.02.16.11.52.39,0.3653351903467387,11.482240641301392,True,True
585,2004.02.16.12.02.39,0.3654088193291797,11.873377098388138,True,True
586,2004.02.16.12.12.39,0.3669246394718862,13.515079159963358,True,True
587,2004.02.16.12.22.39,0.36301222565024854,14.152261595872169,True,True
588,2004.02.16.12.32.39,0.36099644746968707,11.983914020359837,True,True
589,2004.02.16.12.42.39,0.36576085233592487,13.553903915237449,True,True
590,2004.02.16.12.52.39,0.36702142980364955,13.261270987881893,True,True
591,2004.02.16.13.02.39,0.35492051342036857,11.76053702050955,True,True
592,2004.02.16.13.12.39,0.338166833672351,12.06438415530548,True,True
593,2004.02.16.13.22.39,0.3670160290103388,13.825650999275343,True,True
594,2004.02.16.13.32.39,0.366054451989209,14.273249886986507,True,True
595,2004.02.16.13.42.39,0.3660798524090065,12.716525765364658,True,True
596,2004.02.16.13.52.39,0.28215430617805065,14.049127532368129,False,True
597,2004.02.16.14.02.39,0.3185065666566342,13.74880745114985,False,True
598,2004.02.16.14.12.39,0.32270069703825566,12.605785147212114,False,True
599,2004.02.16.14.22.39,0.36298585471490374,13.372579904464168,True,True
600,2004.02.16.14.32.39,0.3635452147195878,13.361401031110889,True,True
601,2004.02.16.14.42.39,0.36393921229821136,16.067202548644765,True,True
602,2004.02.16.14.52.39,0.3184168875435135,14.48349161315033,False,True
603,2004.02.16.15.02.39,0.35695728431219764,14.821177620335504,True,True
604,2004.02.16.15.12.39,0.36496515502006566,14.293605668161302,True,True
605,2004.02.16.15.22.39,0.3168845170537045,16.207988051879816,False,True
606,2004.02.16.15.32.39,0.30312801399305095,15.755062676921463,False,True
607,2004.02.16.15.42.39,0.3320144754022288,16.24238119445955,True,True
608,2004.02.16.15.52.39,0.34486279005658876,17.266413156452607,True,True
609,2004.02.16.16.02.39,0.3301418145312399,17.770742874823114,False,True
610,2004.02.16.16.12.39,0.36700742702633515,18.724781942162963,True,True
611,2004.02.16.16.22.39,0.36072044555494864,17.543214000466524,True,True
612,2004.02.16.16.32.39,0.36699129828106297,17.882088571166094,True,True
613,2004.02.16.16.42.39,0.36389905126898997,18.665393453884384,True,True
614,2004.02.16.16.52.39,0.3662491456105816,19.269348424707488,True,True
615,2004.02.16.17.02.39,0.36701778375858657,19.192206678146597,True,True
616,2004.02.16.17.12.39,0.3666523676475645,17.75606974950255,True,True
617,2004.02.16.17.22.39,0.3669625553479894,18.529658742789344,True,True
618,2004.02.16.17.32.39,0.3663597403916461,17.93298448488103,True,True
619,2004.02.16.17.42.39,0.36603092737737664,16.963467053050053,True,True
620,2004.02.16.17.52.39,0.35951476206002747,16.271893653431032,True,True
621,2004.02.16.18.02.39,0.3647771679512609,21.88081194761783,True,True
622,2004.02.16.18.12.39,0.36675018428314154,18.00232727783437,True,True
623,2004.02.16.18.22.39,0.3654539193592878,18.48995725911803,True,True
624,2004.02.16.18.32.39,0.3639161799305322,20.178831067159347,True,True
625,2004.02.16.18.42.39,0.33703755010045827,19.670562154809296,True,True
626,2004.02.16.18.52.39,0.36702108247898396,19.594525060641732,True,True
627,2004.02.16.19.02.39,0.36659895249654445,19.250113705879393,True,True
628,2004.02.16.19.12.39,0.3665812712125888,18.72037611626611,True,True
629,2004.02.16.19.22.39,0.3699149642378935,18.876741608268965,True,True
630,2004.02.16.19.32.39,0.362928589693366,16.321350876776613,True,True
631,2004.02.16.19.42.39,0.3666583457498072,21.23244196186094,True,True
632,2004.02.16.19.52.39,0.3785817908722282,20.244113229657632,True,True
633,2004.02.16.20.02.39,0.36438159171103246,17.023854611890837,True,True
634,2004.02.16.20.12.39,0.3669905069978424,19.505485997216585,True,True
635,2004.02.16.20.22.39,0.36450408017533087,19.201457152994028,True,True
636,2004.02.16.20.32.39,0.3666612373496144,20.75204320842718,True,True
637,2004.02.16.20.42.39,0.3634990486161518,20.792793249129225,True,True
638,2004.02.16.20.52.39,0.3662437785807253,17.64785341865052,True,True
639,2004.02.16.21.02.39,0.36594950785914615,20.56514768535133,True,True
640,2004.02.16.21.12.39,0.364010885205933,21.875606901197358,True,True
641,2004.02.16.21.22.39,0.3670152941984136,23.084927144017655,True,True
642,2004.02.16.21.32.39,0.3668857539303898,21.73192254012888,True,True
643,2004.02.16.21.42.39,0.36695735190572293,21.406363834089994,True,True
644,2004.02.16.21.52.39,0.35688067352558756,21.54980502146178,True,True
645,2004.02.16.22.02.39,0.3669272165595509,20.661115761259424,True,True
646,2004.02.16.22.12.39,0.3663435066059132,22.002615442536765,True,True
647,2004.02.16.22.22.39,0.36237800585124436,28.59490734910028,True,True
648,2004.02.16.22.32.39,0.36697533643700475,31.866524071840196,True,True
649,2004.02.16.22.42.39,0.36286171891665925,29.991232050181587,True,True
650,2004.02.16.22.52.39,0.36702121576910507,30.64853904800962,True,True
651,2004.02.16.23.02.39,0.36702450606763365,31.765357710140776,True,True
652,2004.02.16.23.12.39,0.3670201861421628,29.10413047307377,True,True
653,2004.02.16.23.22.39,0.3670242007063525,31.18703930026226,True,True
654,2004.02.16.23.32.39,0.36676210919563096,31.67189334075249,True,True
655,2004.02.16.23.42.39,0.3669219037196739,27.522257388207333,True,True
656,2004.02.16.23.52.39,0.367009939447573,31.367182667892937,True,True
657,2004.02.17.00.02.39,0.3650172498800552,31.09290680267567,True,True
658,2004.02.17.00.12.39,0.3632094838646419,29.678319588039948,True,True
659,2004.02.17.00.22.39,0.362831984331499,30.700599807413074,True,True
660,2004.02.17.00.32.39,0.3670268667321633,29.489018983020745,True,True
661,2004.02.17.00.42.39,0.36702701573141944,31.9825801937768,True,True
662,2004.02.17.00.52.39,0.36660332279628466,31.892618180413724,True,True
663,2004.02.17.01.02.39,0.3670265885424239,29.70292068879001,True,True
664,2004.02.17.01.12.39,0.36702682085535954,29.14333757275362,True,True
665,2004.02.17.01.22.39,0.3668591113669536,31.644407006755348,True,True
666,2004.02.17.01.32.39,0.3658409746833486,32.37020037971497,True,True
667,2004.02.17.01.42.39,0.36702669606701543,29.843296604758056,True,True
668,2004.02.17.01.52.39,0.3670270216136615,28.40775046131693,True,True
669,2004.02.17.02.02.39,0.36673604950272676,31.470645526668758,True,True
670,2004.02.17.02.12.39,0.36698009348172816,31.596400724608998,True,True
671,2004.02.17.02.22.39,0.3666333303498148,29.947243046892776,True,True
672,2004.02.17.02.32.39,0.36653956126064524,27.529897656614544,True,True
673,2004.02.17.02.42.39,0.36654383606641344,26.55725316441079,True,True
674,2004.02.17.02.52.39,0.3670270049703944,29.836709847640723,True,True
675,2004.02.17.03.02.39,0.36689655782758646,27.459366930617342,True,True
676,2004.02.17.03.12.39,0.36701477474831357,29.141883586658494,True,True
677,2004.02.17.03.22.39,0.3670010009614615,30.35330150810878,True,True
678,2004.02.17.03.32.39,0.3670265735421153,30.43625830256642,True,True
679,2004.02.17.03.42.39,0.36702674390883727,27.93647419332919,True,True
680,2004.02.17.03.52.39,0.3665540753534953,28.90813862764399,True,True
681,2004.02.17.04.02.39,0.3670128757632629,29.86290770900045,True,True
682,2004.02.17.04.12.39,0.3670186457059706,29.796426786360446,True,True
683,2004.02.17.04.22.39,0.36701238133892333,29.321521050404634,True,True
684,2004.02.17.04.32.39,0.36702649585254266,30.37498949024774,True,True
685,2004.02.17.04.42.39,0.3670186112498782,32.69160711340366,True,True
686,2004.02.17.04.52.39,0.3670264901353688,32.87166892569802,True,True
687,2004.02.17.05.02.39,0.36694479634204946,30.2519548944713,True,True
688,2004.02.17.05.12.39,0.3670218107856532,29.94746066337164,True,True
689,2004.02.17.05.22.39,0.3670151104152863,30.86432026911794,True,True
690,2004.02.17.05.32.39,0.3670205481796607,30.6093643859608,True,True
691,2004.02.17.05.42.39,0.36702698687362445,32.034547944219035,True,True
692,2004.02.17.05.52.39,0.3636186912493977,32.59338210624717,True,True
693,2004.02.17.06.02.39,0.3670266870892682,33.77738002226583,True,True
694,2004.02.17.06.12.39,0.3670267638821016,31.8723423514743,True,True
695,2004.02.17.06.22.39,0.36702530060176825,30.68875669725121,True,True
696,2004.02.17.06.32.39,0.3670262759070195,32.485849185002586,True,True
697,2004.02.17.06.42.39,0.3670142576979982,35.196104261802745,True,True
698,2004.02.17.06.52.39,0.36698292898342577,31.800019882025058,True,True
699,2004.02.17.07.02.39,0.367026738562274,35.94610666077592,True,True
700,2004.02.17.07.12.39,0.36700479616078496,39.678321589281644,True,True
701,2004.02.17.07.22.39,0.36702690461277554,50.50173730205819,True,True
702,2004.02.17.07.32.39,0.3658444367700672,126.71763825377116,True,True
703,2004.02.17.07.42.39,0.36697364631365503,136.96927072829493,True,True
704,2004.02.17.07.52.39,0.3670270261476366,139.96095236344453,True,True
705,2004.02.17.08.02.39,0.3670265275290014,136.7907902240344,True,True
706,2004.02.17.08.12.39,0.3670270148907142,131.21106071908076,True,True
707,2004.02.17.08.22.39,0.367027022732273,141.2551927041526,True,True
708,2004.02.17.08.32.39,0.3670264300872476,130.62185745392284,True,True
709,2004.02.17.08.42.39,0.3670141664068244,125.77871255070193,True,True
710,2004.02.17.08.52.39,0.36702701132806326,138.55788580862338,True,True
711,2004.02.17.09.02.39,0.36702495079121356,133.26202367123594,True,True
712,2004.02.17.09.12.39,0.36702702269563203,131.551928331494,True,True
713,2004.02.17.09.22.39,0.3670254240681089,131.27487824191203,True,True
714,2004.02.17.09.32.39,0.36702702372425466,133.29889142058906,True,True
715,2004.02.17.09.42.39,0.36702702620501165,134.1397328950531,True,True
716,2004.02.17.09.52.39,0.3670180247786543,123.65767441142118,True,True
717,2004.02.17.10.02.39,0.36702702620748373,125.12792243540115,True,True
718,2004.02.17.10.12.39,0.3670269368863042,123.51778683707614,True,True
719,2004.02.17.10.22.39,0.36702595068974125,130.1001475742631,True,True
720,2004.02.17.10.32.39,0.3670270092911266,121.2218160127584,True,True
721,2004.02.17.10.42.39,0.36702702537223564,123.80290144489082,True,True
722,2004.02.17.10.52.39,0.36702702621235384,122.40979531433092,True,True
723,2004.02.17.11.02.39,0.3670270250049314,121.53620364283292,True,True
724,2004.02.17.11.12.39,0.3670264673683559,120.21999500576003,True,True
725,2004.02.17.11.22.39,0.36702682306918183,131.35002283234294,True,True
726,2004.02.17.11.32.39,0.3670270222418085,127.72386798537516,True,True
727,2004.02.17.11.42.39,0.3670270053818813,125.06540686856819,True,True
728,2004.02.17.11.52.39,0.36702702621239414,122.87085838234427,True,True
729,2004.02.17.12.02.39,0.3670270262119124,125.38695352888696,True,True
730,2004.02.17.12.12.39,0.3670270258505055,127.03818505828606,True,True
731,2004.02.17.12.22.39,0.3670258416243092,109.91127697825411,True,True
732,2004.02.17.12.32.39,0.3670270262042818,118.69253723015073,True,True
733,2004.02.17.12.42.39,0.36702701853840464,107.47849094973074,True,True
734,2004.02.17.12.52.39,0.3670270259561698,110.34204196952969,True,True
735,2004.02.17.13.02.39,0.3670270226433767,105.48359290289125,True,True
736,2004.02.17.13.12.39,0.36702687964615494,107.07367266546375,True,True
737,2004.02.17.13.22.39,0.3670270262122714,106.81957248480121,True,True
738,2004.02.17.13.32.39,0.36702657157996565,89.96248922748784,True,True
739,2004.02.17.13.42.39,0.36702580069464746,85.46628097267845,True,True
740,2004.02.17.13.52.39,0.36702059766017486,95.38923674941964,True,True
741,2004.02.17.14.02.39,0.3670270262124118,90.45131756150823,True,True
742,2004.02.17.14.12.39,0.3670270241819394,88.11772620330153,True,True
743,2004.02.17.14.22.39,0.3670270254913187,81.12366262328281,True,True
744,2004.02.17.14.32.39,0.36702702621243616,80.90756600174628,True,True
745,2004.02.17.14.42.39,0.36702702536185,81.48650206146323,True,True
746,2004.02.17.14.52.39,0.3670270251185858,85.654732328582,True,True
747,2004.02.17.15.02.39,0.3670270165128115,79.23805117875274,True,True
748,2004.02.17.15.12.39,0.3670267401619756,82.44005412293104,True,True
749,2004.02.17.15.22.39,0.3670270260552941,72.28011388912813,True,True
750,2004.02.17.15.32.39,0.36702702621229805,82.41766884452962,True,True
751,2004.02.17.15.42.39,0.3670268562772427,81.04553103404463,True,True
752,2004.02.17.15.52.39,0.36702702601186715,73.17379771132508,True,True
753,2004.02.17.16.02.39,0.36702702621243616,73.35566536924915,True,True
754,2004.02.17.16.12.39,0.3670270166552704,72.73044827283,True,True
755,2004.02.17.16.22.39,0.3670269523342731,67.68538484518841,True,True
756,2004.02.17.16.32.39,0.3670270086106591,62.82200483910169,True,True
757,2004.02.17.16.42.39,0.3670270131705906,58.32142016006851,True,True
758,2004.02.17.16.52.39,0.3670270262124189,58.31696381586976,True,True
759,2004.02.17.17.02.39,0.3670270262117114,56.2370703473782,True,True
760,2004.02.17.17.12.39,0.36700599401265654,53.66210174467262,True,True
761,2004.02.17.17.22.39,0.3670270235163686,50.470565376960074,True,True
762,2004.02.17.17.32.39,0.36600922844874473,44.920556264917735,True,True
763,2004.02.17.17.42.39,0.36702664015624564,46.42538610258794,True,True
764,2004.02.17.17.52.39,0.36702700019199697,39.67591974623998,True,True
765,2004.02.17.18.02.39,0.36702702587730235,39.50659435893459,True,True
766,2004.02.17.18.12.39,0.36702589509197864,37.709416137986494,True,True
767,2004.02.17.18.22.39,0.3670270262096001,36.959116642434424,True,True
768,2004.02.17.18.32.39,0.3670174309181872,36.6504039381469,True,True
769,2004.02.17.18.42.39,0.3670016150312156,35.66374579890634,True,True
770,2004.02.17.18.52.39,0.36702702615669064,35.80376220567851,True,True
771,2004.02.17.19.02.39,0.3670270147481901,31.535385746327382,True,True
772,2004.02.17.19.12.39,0.36702702503037987,31.844049313422396,True,True
773,2004.02.17.19.22.39,0.3670270112734383,32.762328309132364,True,True
774,2004.02.17.19.32.39,0.36702691815705524,30.123277447191494,True,True
775,2004.02.17.19.42.39,0.3670167062153114,27.67800449360816,True,True
776,2004.02.17.19.52.39,0.3670270259037834,31.556210566045536,True,True
777,2004.02.17.20.02.39,0.3668142197135624,29.18326940318323,True,True
778,2004.02.17.20.12.39,0.36702670990718184,28.398095230850664,True,True
779,2004.02.17.20.22.39,0.367011205134481,27.169129094852497,True,True
780,2004.02.17.20.32.39,0.3670270262000039,26.942654214424618,True,True
781,2004.02.17.20.42.39,0.36702701152385947,21.570977031547848,True,True
782,2004.02.17.20.52.39,0.36702702556756567,25.82145546117224,True,True
783,2004.02.17.21.02.39,0.36678154153111414,24.234605012385032,True,True
784,2004.02.17.21.12.39,0.36702701908555796,22.67994503540603,True,True
785,2004.02.17.21.22.39,0.3670269907628191,21.30421344470181,True,True
786,2004.02.17.21.32.39,0.36702471594792085,24.134027251429632,True,True
787,2004.02.17.21.42.39,0.3663129627333635,21.113547119794728,True,True
788,2004.02.17.21.52.39,0.3670216260121193,24.362461742489277,True,True
789,2004.02.17.22.02.39,0.36701428177821827,21.756964913891363,True,True
790,2004.02.17.22.12.39,0.36684391592978866,21.626204913743397,True,True
791,2004.02.17.22.22.39,0.36702702144236493,22.77955854571066,True,True
792,2004.02.17.22.32.39,0.3670270096551273,24.36767153520157,True,True
793,2004.02.17.22.42.39,0.36702677828778013,24.217089770946117,True,True
794,2004.02.17.22.52.39,0.3670268369992381,26.289662568881543,True,True
795,2004.02.17.23.02.39,0.3670269826101636,26.73571821922306,True,True
796,2004.02.17.23.12.39,0.3670260707333853,24.84708578684464,True,True
797,2004.02.17.23.22.39,0.36702653636794036,25.64179544985426,True,True
798,2004.02.17.23.32.39,0.367027023751026,23.76301906851668,True,True
799,2004.02.17.23.42.39,0.3662317769179814,27.7272377181562,True,True
800,2004.02.17.23.52.39,0.36684864961376984,27.141689766959097,True,True
801,2004.02.18.00.02.39,0.366629534668983,27.837933713495907,True,True
802,2004.02.18.00.12.39,0.367026350113404,28.120474693423525,True,True
803,2004.02.18.00.22.39,0.36702676926926486,27.51171368091964,True,True
804,2004.02.18.00.32.39,0.36702699107781617,31.54329790722291,True,True
805,2004.02.18.00.42.39,0.36702359619789343,29.619842846920385,True,True
806,2004.02.18.00.52.39,0.36702524369616507,31.066999732096182,True,True
807,2004.02.18.01.02.39,0.36702348745305785,32.67038622895288,True,True
808,2004.02.18.01.12.39,0.3670265457136322,32.29116211576615,True,True
809,2004.02.18.01.22.39,0.3670229492659281,30.78476705097689,True,True
810,2004.02.18.01.32.39,0.36700826330360425,32.45913199435522,True,True
811,2004.02.18.01.42.39,0.36700829244150973,33.349841709119346,True,True
812,2004.02.18.01.52.39,0.3670234474031977,30.654446355774176,True,True
813,2004.02.18.02.02.39,0.36701562560850043,31.361486504649918,True,True
814,2004.02.18.02.12.39,0.3668489007894985,32.8375456249334,True,True
815,2004.02.18.02.22.39,0.3670081816753593,33.187741384974466,True,True
816,2004.02.18.02.32.39,0.35308053427804065,33.430804277032514,True,True
817,2004.02.18.02.42.39,0.3670269087105851,33.83259649409188,True,True
818,2004.02.18.02.52.39,0.3661178073294453,34.439103424199295,True,True
819,2004.02.18.03.02.39,0.36700637521901586,35.26862631343518,True,True
820,2004.02.18.03.12.39,0.36702334791223656,37.56471889594618,True,True
821,2004.02.18.03.22.39,0.36702587083933563,34.59051955210928,True,True
822,2004.02.18.03.32.39,0.36656180157507295,36.85179455210096,True,True
823,2004.02.18.03.42.39,0.36702627008757815,71.39272060053003,True,True
824,2004.02.18.03.52.39,0.3670269808999159,70.20583715281802,True,True
825,2004.02.18.04.02.39,0.3670269519232853,68.02428273234693,True,True
826,2004.02.18.04.12.39,0.3654504168502657,77.94334405916159,True,True
827,2004.02.18.04.22.39,0.36702696233444065,74.47041241263048,True,True
828,2004.02.18.04.32.39,0.36702652490761617,78.661107280808,True,True
829,2004.02.18.04.42.39,0.36701869322381697,84.82287258564934,True,True
830,2004.02.18.04.52.39,0.36702074828434894,79.58156890652333,True,True
831,2004.02.18.05.02.39,0.3670270261831874,90.01564538463855,True,True
832,2004.02.18.05.12.39,0.36702702120421227,87.01571496823665,True,True
833,2004.02.18.05.22.39,0.36702702612624316,92.88588735775713,True,True
834,2004.02.18.05.32.39,0.36690142114964847,95.89973144389415,True,True
835,2004.02.18.05.42.39,0.3669748439193456,106.76604237622747,True,True
836,2004.02.18.05.52.39,0.36702702201909376,103.03378606052482,True,True
837,2004.02.18.06.02.39,0.36702702539738025,106.3427113410514,True,True
838,2004.02.18.06.12.39,0.36702702394903264,113.64036457216474,True,True
839,2004.02.18.06.22.39,0.3670269966916815,116.5019048180686,True,True
840,2004.02.18.06.32.39,0.36677314436951924,111.02195021209529,True,True
841,2004.02.18.06.42.39,0.3670270201275737,116.72785979185807,True,True
842,2004.02.18.06.52.39,0.3670270025816876,118.00066567452515,True,True
843,2004.02.18.07.02.39,0.3670270249007021,119.47467371410329,True,True
844,2004.02.18.07.12.39,0.367027025720721,122.22230370427654,True,True
845,2004.02.18.07.22.39,0.3670270261388794,123.76808094423048,True,True
846,2004.02.18.07.32.39,0.36702701631822504,121.92650467024143,True,True
847,2004.02.18.07.42.39,0.3668584597272163,118.23165096723102,True,True
848,2004.02.18.07.52.39,0.3670268531633299,131.07519113565445,True,True
849,2004.02.18.08.02.39,0.36702702621220895,138.81658408265642,True,True
850,2004.02.18.08.12.39,0.3670269827523116,137.027747529488,True,True
851,2004.02.18.08.22.39,0.3670270255901668,137.1099353573059,True,True
852,2004.02.18.08.32.39,0.3669654063609188,129.48091844826328,True,True
853,2004.02.18.08.42.39,0.36702702618404626,119.41364231683121,True,True
854,2004.02.18.08.52.39,0.36702695240249605,116.09568794795567,True,True
855,2004.02.18.09.02.39,0.3670270260703626,121.65773850615716,True,True
856,2004.02.18.09.12.39,0.36702702603310344,125.38511132501951,True,True
857,2004.02.18.09.22.39,0.3670270239945773,138.34780265237637,True,True
858,2004.02.18.09.32.39,0.3670270253041975,119.31719327630596,True,True
859,2004.02.18.09.42.39,0.36702254935207457,117.00086524778835,True,True
860,2004.02.18.09.52.39,0.3670269980738391,121.47985332024193,True,True
861,2004.02.18.10.02.39,0.36702655439154097,115.60165406491261,True,True
862,2004.02.18.10.12.39,0.3670270163553143,126.48913294733174,True,True
863,2004.02.18.10.22.39,0.36702702616904975,123.46049388816577,True,True
864,2004.02.18.10.32.39,0.36702702200908655,119.94086753874454,True,True
865,2004.02.18.10.42.39,0.3670270260426762,117.08481780671333,True,True
866,2004.02.18.10.52.39,0.36702702607323684,104.12373098122701,True,True
867,2004.02.18.11.02.39,0.3646962085109734,100.14982965921142,True,True
868,2004.02.18.11.12.39,0.36702652321518564,97.49141963400967,True,True
869,2004.02.18.11.22.39,0.36702700587603787,96.93340017552626,True,True
870,2004.02.18.11.32.39,0.36702577810854164,97.97189148577047,True,True
871,2004.02.18.11.42.39,0.36702466642751663,97.71083196221426,True,True
872,2004.02.18.11.52.39,0.36702701564203843,131.43245956678234,True,True
873,2004.02.18.12.02.39,0.36702700584211617,138.24879364449427,True,True
874,2004.02.18.12.12.39,0.36702699941972766,118.7795148655341,True,True
875,2004.02.18.12.22.39,0.3670270259440445,116.91924078852017,True,True
876,2004.02.18.12.32.39,0.367026973483477,117.63585623686221,True,True
877,2004.02.18.12.42.39,0.3670258916078358,107.07487006094338,True,True
878,2004.02.18.12.52.39,0.3670270261433745,99.20537384870394,True,True
879,2004.02.18.13.02.39,0.36702701477382677,105.0238738557034,True,True
880,2004.02.18.13.12.39,0.3670266587215959,107.77144037480943,True,True
881,2004.02.18.13.22.39,0.36702702447099167,100.02938903751208,True,True
882,2004.02.18.13.32.39,0.36702702621211913,96.75575359521852,True,True
883,2004.02.18.13.42.39,0.3670270262124347,100.70282786484603,True,True
884,2004.02.18.13.52.39,0.3670270262099542,107.0465651350656,True,True
885,2004.02.18.14.02.39,0.3670270260324942,107.57491514794513,True,True
886,2004.02.18.14.12.39,0.36702702621243505,104.32673043239045,True,True
887,2004.02.18.14.22.39,0.3670270087920783,103.34153235906298,True,True
888,2004.02.18.14.32.39,0.367027024925964,105.41902120949419,True,True
889,2004.02.18.14.42.39,0.3670270251710017,120.73316984877516,True,True
890,2004.02.18.14.52.39,0.3670270262124361,106.22463631080885,True,True
891,2004.02.18.15.02.39,0.3670270229705776,87.97905812848877,True,True
892,2004.02.18.15.12.39,0.3670270258477574,73.82153955983522,True,True
893,2004.02.18.15.22.39,0.36702701437209645,67.6117698607436,True,True
894,2004.02.18.15.32.39,0.3670269883422614,57.94375554548787,True,True
895,2004.02.18.15.42.39,0.3670243738232767,53.81263203424631,True,True
896,2004.02.18.15.52.39,0.367026940965243,51.89002490251635,True,True
897,2004.02.18.16.02.39,0.3670032848233955,47.537822039289395,True,True
898,2004.02.18.16.12.39,0.36495332331161473,50.73028861616566,True,True
899,2004.02.18.16.22.39,0.36701919517976617,49.02115091731951,True,True
900,2004.02.18.16.32.39,0.36701487813088585,49.50959935945838,True,True
901,2004.02.18.16.42.39,0.361984473366842,57.304920294024676,True,True
902,2004.02.18.16.52.39,0.36701464554907376,61.41788382752249,True,True
903,2004.02.18.17.02.39,0.3618753135960966,84.54930704464728,True,True
904,2004.02.18.17.12.39,0.3415019908582135,101.04718709285243,True,True
905,2004.02.18.17.22.39,0.3405519730452402,125.00268863168307,True,True
906,2004.02.18.17.32.39,0.36620766587205766,143.9622477577991,True,True
907,2004.02.18.17.42.39,0.3155797338405909,160.4726859278039,False,True
908,2004.02.18.17.52.39,0.3643231868270923,162.07792749742563,True,True
909,2004.02.18.18.02.39,0.3670259447178826,165.3207655375425,True,True
910,2004.02.18.18.12.39,0.36616554632250115,143.65093421067527,True,True
911,2004.02.18.18.22.39,0.35040103515697146,126.499011754019,True,True
912,2004.02.18.18.32.39,0.29494269587532845,142.61231604792312,False,True
913,2004.02.18.18.42.39,0.29171480330784627,152.20500874917448,False,True
914,2004.02.18.18.52.39,0.3665592871144122,150.2582137110498,True,True
915,2004.02.18.19.02.39,0.3652816544385855,185.823360729872,True,True
916,2004.02.18.19.12.39,0.35987938406008324,153.1648539963879,True,True
917,2004.02.18.19.22.39,0.36694670751326497,139.44341417090837,True,True
918,2004.02.18.19.32.39,0.3670254125272452,148.68774159307168,True,True
919,2004.02.18.19.42.39,0.3670242720349719,137.6250767260875,True,True
920,2004.02.18.19.52.39,0.3670269800896592,150.12251486678355,True,True
921,2004.02.18.20.02.39,0.36695758102066883,136.85577660386235,True,True
922,2004.02.18.20.12.39,0.3670234279811731,167.91943321840878,True,True
923,2004.02.18.20.22.39,0.3669696919611088,157.30812290552424,True,True
924,2004.02.18.20.32.39,0.36702702543832283,139.3622267556832,True,True
925,2004.02.18.20.42.39,0.36697284367201627,133.93534476411062,True,True
926,2004.02.18.20.52.39,0.36699927417371264,111.47446142641036,True,True
927,2004.02.18.21.02.39,0.3637278314222145,100.44809421589474,True,True
928,2004.02.18.21.12.39,0.3631365954312959,113.14637446564984,True,True
929,2004.02.18.21.22.39,0.3656470958012856,135.95199287537585,True,True
930,2004.02.18.21.32.39,0.42417434597890763,133.33477127119787,True,True
931,2004.02.18.21.42.39,0.3640404440884354,158.70284634611858,True,True
932,2004.02.18.21.52.39,0.40034098772317345,185.22527270400997,True,True
933,2004.02.18.22.02.39,0.48971340098309873,204.01205338720644,True,True
934,2004.02.18.22.12.39,0.4768281277231446,265.91943336115384,True,True
935,2004.02.18.22.22.39,0.3667487593224123,388.54608861812716,True,True
936,2004.02.18.22.32.39,0.3654845998222361,205.6335170688782,True,True
937,2004.02.18.22.42.39,0.36277189094771034,195.72447130422813,True,True
938,2004.02.18.22.52.39,0.40321362981273845,190.81859976484722,True,True
939,2004.02.18.23.02.39,0.3874672568507756,127.61129309735196,True,True
940,2004.02.18.23.12.39,0.41614270392665276,120.42558412987276,True,True
941,2004.02.18.23.22.39,0.4903135333314354,135.9801576909597,True,True
942,2004.02.18.23.32.39,0.44787288865328106,119.88962227924576,True,True
943,2004.02.18.23.42.39,0.3960260271698585,193.30224480764397,True,True
944,2004.02.18.23.52.39,0.3625078684066995,174.71340341145552,True,True
945,2004.02.19.00.02.39,0.41199838810486017,237.13256544833823,True,True
946,2004.02.19.00.12.39,0.36401398711973426,162.70141676564114,True,True
947,2004.02.19.00.22.39,0.36695260157642795,121.34306158293215,True,True
948,2004.02.19.00.32.39,0.36702701914935126,110.55586035721328,True,True
949,2004.02.19.00.42.39,0.36702702284530275,108.26290139890902,True,True
950,2004.02.19.00.52.39,0.37519531197769385,160.376760531776,True,True
951,2004.02.19.01.02.39,0.3627142746341266,233.35385734813642,True,True
952,2004.02.19.01.12.39,0.36690084844016446,294.5539331769933,True,True
953,2004.02.19.01.22.39,0.46454625439197567,197.4593008040081,True,True
954,2004.02.19.01.32.39,0.36690940042247255,296.45879793155433,True,True
955,2004.02.19.01.42.39,0.3640351424239163,204.49864207758807,True,True
956,2004.02.19.01.52.39,0.36702702604306586,243.97461831822227,True,True
957,2004.02.19.02.02.39,0.36702702621243616,206.90510643438935,True,True
958,2004.02.19.02.12.39,0.36702702621243616,350.3693185623168,True,True
959,2004.02.19.02.22.39,0.36702702621243616,195.0572274910188,True,True
960,2004.02.19.02.32.39,0.36702702621243616,243.29369951134728,True,True
961,2004.02.19.02.42.39,0.36702702621243616,342.39039605724565,True,True
962,2004.02.19.02.52.39,0.3571301028619445,242.87468603125032,True,True
963,2004.02.19.03.02.39,0.36702702621130645,248.38996768928024,True,True
964,2004.02.19.03.12.39,0.3640628465610152,283.09960689701074,True,True
965,2004.02.19.03.22.39,0.36702702621243616,455.1176772814964,True,True
966,2004.02.19.03.32.39,0.36702702588875535,448.664428183216,True,True
967,2004.02.19.03.42.39,0.36702702621243616,629.2130854774297,True,True
968,2004.02.19.03.52.39,0.36702702621118055,530.0662398071229,True,True
969,2004.02.19.04.02.39,0.36702642023424864,534.0092518766456,True,True
970,2004.02.19.04.12.39,0.36702702621243616,614.6134862924839,True,True
971,2004.02.19.04.22.39,0.36702702621243616,931.5879187635084,True,True
972,2004.02.19.04.32.39,0.36702702621243616,929.4300390308173,True,True
973,2004.02.19.04.42.39,0.36702702621243616,629.3758706456888,True,True
974,2004.02.19.04.52.39,0.36702702621243616,1042.0970923309983,True,True
975,2004.02.19.05.02.39,0.36702702621243616,2219.637796334832,True,True
976,2004.02.19.05.12.39,0.36702702621243616,1427.2284942280116,True,True
977,2004.02.19.05.22.39,0.36702702621243616,1044.7549859558146,True,True
978,2004.02.19.05.32.39,0.36702702621243616,779.4646321942757,True,True
979,2004.02.19.05.42.39,0.36702702621243616,2687.1270533585193,True,True
980,2004.02.19.05.52.39,0.3670269911329536,1086.79924271941,True,True
981,2004.02.19.06.02.39,0.36702702621243616,1229.0938117479,True,True
982,2004.02.19.06.12.39,0.36702702621243616,89.13358632613509,True,True
983,2004.02.19.06.22.39,0.36702702621243616,89.57789894540576,True,True
